"STATION","NAME","DATE","PRCP","SNOW","SNWD","TMAX","TMIN","TOBS","WT01","WT03","WT04","WT05","WT06"
"USC00414333","HOUSTON NATIONAL WEATHER SERVICE OFFICE, TX US","2024-01-01","0.01",,,"65","50","50",,,,,
"USC00414333","HOUSTON NATIONAL WEATHER SERVICE OFFICE, TX US","2024-01-02","0.93",,,"55","45","48",,,,,
"USC00414333","HOUSTON NATIONAL WEATHER SERVICE OFFICE, TX US","2024-01-03","0.50",,,"59","44","46",,,,,
"USC00414333","HOUSTON NATIONAL WEATHER SERVICE OFFICE, TX US","2024-01-04","0.00",,,"59","40","57",,,,,
"USC00414333","HOUSTON NATIONAL WEATHER SERVICE OFFICE, TX US","2024-01-05","2.49",,,"62","44","44",,,,,
"USC00414333","HOUSTON NATIONAL WEATHER SERVICE OFFICE, TX US","2024-01-06","0.00",,,"65","41","48",,,,,
"USC00414333","HOUSTON NATIONAL WEATHER SERVICE OFFICE, TX US","2024-01-07","0.00",,,"60","43","58",,,,,
"USC00414333","HOUSTON NATIONAL WEATHER SERVICE OFFICE, TX US","2024-01-08","0.50",,,"73","50","50",,"    1",,"    1",
"USC00414333","HOUSTON NATIONAL WEATHER SERVICE OFFICE, TX US","2024-01-09","0.02",,,"58","39","39",,,,,
"USC00414333","HOUSTON NATIONAL WEATHER SERVICE OFFICE, TX US","2024-01-10","0.00",,,"68","35","60",,,,,
"USC00414333","HOUSTON NATIONAL WEATHER SERVICE OFFICE, TX US","2024-01-11","0.00",,,"75","56","68",,,,,
"USC00414333","HOUSTON NATIONAL WEATHER SERVICE OFFICE, TX US","2024-01-12","0.05",,,"70","37","39",,,,,
"USC00414333","HOUSTON NATIONAL WEATHER SERVICE OFFICE, TX US","2024-01-13","0.00",,,"62","34","53",,,,,
"USC00414333","HOUSTON NATIONAL WEATHER SERVICE OFFICE, TX US","2024-01-14","0.00",,,"56","38","38",,,,,
"USC00414333","HOUSTON NATIONAL WEATHER SERVICE OFFICE, TX US","2024-01-15","0.12",,,"38","26","26",,,,,
"USC00414333","HOUSTON NATIONAL WEATHER SERVICE OFFICE, TX US","2024-01-16","0.00",,,"34","19","26",,,,,
"USC00414333","HOUSTON NATIONAL WEATHER SERVICE OFFICE, TX US","2024-01-17","0.00",,,"43","22","42",,,,,
"USC00414333","HOUSTON NATIONAL WEATHER SERVICE OFFICE, TX US","2024-01-18","0.00",,,"64","42","48",,,,,
"USC00414333","HOUSTON NATIONAL WEATHER SERVICE OFFICE, TX US","2024-01-19","0.00",,,"57","39","39",,,,,
"USC00414333","HOUSTON NATIONAL WEATHER SERVICE OFFICE, TX US","2024-01-20","0.00",,,"45","31","42",,,,,
"USC00414333","HOUSTON NATIONAL WEATHER SERVICE OFFICE, TX US","2024-01-21","0.04",,,"43","36","43",,,,,
"USC00414333","HOUSTON NATIONAL WEATHER SERVICE OFFICE, TX US","2024-01-22","1.25",,,"64","43","59",,,,,
"USC00414333","HOUSTON NATIONAL WEATHER SERVICE OFFICE, TX US","2024-01-23","0.07",,,"69","58","66",,,,,
"USC00414333","HOUSTON NATIONAL WEATHER SERVICE OFFICE, TX US","2024-01-24","2.87",,,"68","60","60",,,,,
"USC00414333","HOUSTON NATIONAL WEATHER SERVICE OFFICE, TX US","2024-01-25","1.46",,,"73","54","54",,"    1",,,
"USC00414333","HOUSTON NATIONAL WEATHER SERVICE OFFICE, TX US","2024-01-26","0.54",,,"62","54","60",,"    1",,,
"USC00414333","HOUSTON NATIONAL WEATHER SERVICE OFFICE, TX US","2024-01-27","0.01",,,"61","46","46",,,,,
"USC00414333","HOUSTON NATIONAL WEATHER SERVICE OFFICE, TX US","2024-01-28","0.00",,,"64","42","43",,,,,
"USC00414333","HOUSTON NATIONAL WEATHER SERVICE OFFICE, TX US","2024-01-29","0.00",,,"69","38","47",,,,,
"USC00414333","HOUSTON NATIONAL WEATHER SERVICE OFFICE, TX US","2024-01-30","0.00",,,"72","45","53",,,,,
"USC00414333","HOUSTON NATIONAL WEATHER SERVICE OFFICE, TX US","2024-01-31","0.00",,,"74","47","55",,,,,
"USC00414333","HOUSTON NATIONAL WEATHER SERVICE OFFICE, TX US","2024-02-01","0.00",,,"70","51","58",,,,,
"USC00414333","HOUSTON NATIONAL WEATHER SERVICE OFFICE, TX US","2024-02-02","0.02",,,"73","53","64",,,,,
"USC00414333","HOUSTON NATIONAL WEATHER SERVICE OFFICE, TX US","2024-02-03","1.58",,,"71","53","53",,"    1",,,
"USC00414333","HOUSTON NATIONAL WEATHER SERVICE OFFICE, TX US","2024-02-04","0.00",,,"70","52","56",,,,,
"USC00414333","HOUSTON NATIONAL WEATHER SERVICE OFFICE, TX US","2024-02-05","0.01",,,"65","54","54",,,,,
"USC00414333","HOUSTON NATIONAL WEATHER SERVICE OFFICE, TX US","2024-02-06","0.00",,,"71","43","51",,,,,
"USC00414333","HOUSTON NATIONAL WEATHER SERVICE OFFICE, TX US","2024-02-07","0.00",,,"69","43","64",,,,,
"USC00414333","HOUSTON NATIONAL WEATHER SERVICE OFFICE, TX US","2024-02-08","0.00",,,"72","62","65",,,,,
"USC00414333","HOUSTON NATIONAL WEATHER SERVICE OFFICE, TX US","2024-02-09","0.01",,,"76","64","66",,,,,
"USC00414333","HOUSTON NATIONAL WEATHER SERVICE OFFICE, TX US","2024-02-10","0.47",,,"72","66","68",,,,,
"USC00414333","HOUSTON NATIONAL WEATHER SERVICE OFFICE, TX US","2024-02-11","0.00",,,"78","53","53",,,,,
"USC00414333","HOUSTON NATIONAL WEATHER SERVICE OFFICE, TX US","2024-02-12","0.00",,,"61","44","44",,,,,
"USC00414333","HOUSTON NATIONAL WEATHER SERVICE OFFICE, TX US","2024-02-13","0.00",,,"64","39","46",,,,,
"USC00414333","HOUSTON NATIONAL WEATHER SERVICE OFFICE, TX US","2024-02-14","0.00",,,"65","41","57",,,,,
"USC00414333","HOUSTON NATIONAL WEATHER SERVICE OFFICE, TX US","2024-02-15","0.00",,,"72","57","63",,,,,
"USC00414333","HOUSTON NATIONAL WEATHER SERVICE OFFICE, TX US","2024-02-16","0.35",,,"64","60","60",,,,,
"USC00414333","HOUSTON NATIONAL WEATHER SERVICE OFFICE, TX US","2024-02-17","0.00","0.0","0.0","64","41",,,,,,
"USC00414333","HOUSTON NATIONAL WEATHER SERVICE OFFICE, TX US","2024-02-18","0.00","0.0","0.0","57","36","38",,,,,
"USC00414333","HOUSTON NATIONAL WEATHER SERVICE OFFICE, TX US","2024-02-19","0.00","0.0","0.0","62","36","49",,,,,
"USC00414333","HOUSTON NATIONAL WEATHER SERVICE OFFICE, TX US","2024-02-20","0.00","0.0","0.0","77","45","60",,,,,
"USC00414333","HOUSTON NATIONAL WEATHER SERVICE OFFICE, TX US","2024-02-21","0.00","0.0","0.0","74","59","67",,,,,
"USC00414333","HOUSTON NATIONAL WEATHER SERVICE OFFICE, TX US","2024-02-22","0.00","0.0","0.0","74","63","63",,,,,
"USC00414333","HOUSTON NATIONAL WEATHER SERVICE OFFICE, TX US","2024-02-23","0.00","0.0","0.0","78","55","55",,,,,
"USC00414333","HOUSTON NATIONAL WEATHER SERVICE OFFICE, TX US","2024-02-24","0.00","0.0","0.0","80","47","57",,,,,
"USC00414333","HOUSTON NATIONAL WEATHER SERVICE OFFICE, TX US","2024-02-25","0.00","0.0","0.0","72","52","65",,,,,
"USC00414333","HOUSTON NATIONAL WEATHER SERVICE OFFICE, TX US","2024-02-26","0.00","0.0","0.0","76","64","68",,,,,
"USC00414333","HOUSTON NATIONAL WEATHER SERVICE OFFICE, TX US","2024-02-27","0.00","0.0","0.0","79","67","71",,,,,
"USC00414333","HOUSTON NATIONAL WEATHER SERVICE OFFICE, TX US","2024-02-28","0.00","0.0","0.0","74","52","52",,,,,
"USC00414333","HOUSTON NATIONAL WEATHER SERVICE OFFICE, TX US","2024-02-29","0.00","0.0","0.0","59","51","53",,,,,
"USC00414333","HOUSTON NATIONAL WEATHER SERVICE OFFICE, TX US","2024-03-01","0.00","0.0","0.0","68","51","56",,,,,
"USC00414333","HOUSTON NATIONAL WEATHER SERVICE OFFICE, TX US","2024-03-02","0.00","0.0","0.0","70","54","62",,,,,
"USC00414333","HOUSTON NATIONAL WEATHER SERVICE OFFICE, TX US","2024-03-03","0.00","0.0","0.0","75","62","71",,,,,
"USC00414333","HOUSTON NATIONAL WEATHER SERVICE OFFICE, TX US","2024-03-04","0.01","0.0","0.0","78","64","68",,,,,
"USC00414333","HOUSTON NATIONAL WEATHER SERVICE OFFICE, TX US","2024-03-05","0.01","0.0","0.0","82","64","64",,"    1",,,
"USC00414333","HOUSTON NATIONAL WEATHER SERVICE OFFICE, TX US","2024-03-06","0.00","0.0","0.0","78","63","63",,,,,
"USC00414333","HOUSTON NATIONAL WEATHER SERVICE OFFICE, TX US","2024-03-07","0.07","0.0","0.0","78","61","70",,,,,
"USC00414333","HOUSTON NATIONAL WEATHER SERVICE OFFICE, TX US","2024-03-08","0.00","0.0","0.0","85","66","66",,,,,
"USC00414333","HOUSTON NATIONAL WEATHER SERVICE OFFICE, TX US","2024-03-09","0.00","0.0","0.0","66","51","53",,,,,
"USC00414333","HOUSTON NATIONAL WEATHER SERVICE OFFICE, TX US","2024-03-10","0.00","0.0","0.0","66","45","53",,,,,
"USC00414333","HOUSTON NATIONAL WEATHER SERVICE OFFICE, TX US","2024-03-11","0.00","0.0","0.0","69","52","58",,,,,
"USC00414333","HOUSTON NATIONAL WEATHER SERVICE OFFICE, TX US","2024-03-12","0.00","0.0","0.0","75","55","66",,,,,
"USC00414333","HOUSTON NATIONAL WEATHER SERVICE OFFICE, TX US","2024-03-13","0.00","0.0","0.0","77","65","71",,,,,
"USC00414333","HOUSTON NATIONAL WEATHER SERVICE OFFICE, TX US","2024-03-14","0.01","0.0",,"79","70","72",,,,,
"USC00414333","HOUSTON NATIONAL WEATHER SERVICE OFFICE, TX US","2024-03-15","0.03","0.0",,"79","64","65",,,,,
"USC00414333","HOUSTON NATIONAL WEATHER SERVICE OFFICE, TX US","2024-03-16","0.39","0.0",,"73","64","68","    1","    1",,,
"USC00414333","HOUSTON NATIONAL WEATHER SERVICE OFFICE, TX US","2024-03-17","0.36","0.0",,"73","63",,,,,,
"USC00414333","HOUSTON NATIONAL WEATHER SERVICE OFFICE, TX US","2024-03-18","0.00","0.0",,"70","55",,,,,,
"USC00414333","HOUSTON NATIONAL WEATHER SERVICE OFFICE, TX US","2024-03-19","0.00","0.0",,"62","44",,,,,,
"USC00414333","HOUSTON NATIONAL WEATHER SERVICE OFFICE, TX US","2024-03-20","0.00","0.0",,"69","50",,,,,,
"USC00414333","HOUSTON NATIONAL WEATHER SERVICE OFFICE, TX US","2024-03-21","2.35","0.0","0.0","67","62","67",,,,,
"USC00414333","HOUSTON NATIONAL WEATHER SERVICE OFFICE, TX US","2024-03-22","0.62","0.0","0.0","78","58","58",,,,,
"USC00414333","HOUSTON NATIONAL WEATHER SERVICE OFFICE, TX US","2024-03-23","0.00","0.0","0.0","76","52","62",,,,,
"USC00414333","HOUSTON NATIONAL WEATHER SERVICE OFFICE, TX US","2024-03-24","0.00","0.0","0.0","72","62","68",,,,,
"USC00414333","HOUSTON NATIONAL WEATHER SERVICE OFFICE, TX US","2024-03-25","0.03","0.0","0.0","80","57","58",,,,,
"USC00414333","HOUSTON NATIONAL WEATHER SERVICE OFFICE, TX US","2024-03-26","0.00","0.0","0.0","70","54",,,,,,
"USC00414333","HOUSTON NATIONAL WEATHER SERVICE OFFICE, TX US","2024-03-27","0.00","0.0","0.0","70","50","51",,,,,
"USC00414333","HOUSTON NATIONAL WEATHER SERVICE OFFICE, TX US","2024-03-28","0.00","0.0","0.0","73","48","59",,,,,
"USC00414333","HOUSTON NATIONAL WEATHER SERVICE OFFICE, TX US","2024-03-29","0.00","0.0","0.0","75","58","64",,,,,
"USC00414333","HOUSTON NATIONAL WEATHER SERVICE OFFICE, TX US","2024-03-30","0.00","0.0","0.0","76","59","69",,,,,
"USC00414333","HOUSTON NATIONAL WEATHER SERVICE OFFICE, TX US","2024-03-31","0.00","0.0","0.0","79","67","72",,,,,
"USC00414333","HOUSTON NATIONAL WEATHER SERVICE OFFICE, TX US","2024-04-01","0.00","0.0","0.0","78","71","75",,,,,
"USC00414333","HOUSTON NATIONAL WEATHER SERVICE OFFICE, TX US","2024-04-02","0.01","0.0","0.0","85","61","61",,,,,
"USC00414333","HOUSTON NATIONAL WEATHER SERVICE OFFICE, TX US","2024-04-03","0.00","0.0","0.0","77","53","57",,,,,
"USC00414333","HOUSTON NATIONAL WEATHER SERVICE OFFICE, TX US","2024-04-04","0.00","0.0","0.0","82","51","61",,,,,
"USC00414333","HOUSTON NATIONAL WEATHER SERVICE OFFICE, TX US","2024-04-05","0.00","0.0","0.0","84","58","65",,,,,
"USC00414333","HOUSTON NATIONAL WEATHER SERVICE OFFICE, TX US","2024-04-06","0.00","0.0","0.0","77","62",,,,,,
"USC00414333","HOUSTON NATIONAL WEATHER SERVICE OFFICE, TX US","2024-04-07","0.00","0.0","0.0","80","70","72",,,,,
"USC00414333","HOUSTON NATIONAL WEATHER SERVICE OFFICE, TX US","2024-04-08","0.14","0.0","0.0","79","72","73",,,,,
"USC00414333","HOUSTON NATIONAL WEATHER SERVICE OFFICE, TX US","2024-04-09","0.23","0.0","0.0","78","72","73",,,,,
"USC00414333","HOUSTON NATIONAL WEATHER SERVICE OFFICE, TX US","2024-04-10","1.31","0.0","0.0","76","62","62",,,,,
"USC00414333","HOUSTON NATIONAL WEATHER SERVICE OFFICE, TX US","2024-04-11","0.00","0.0","0.0","81","57","58",,,,,
"USC00414333","HOUSTON NATIONAL WEATHER SERVICE OFFICE, TX US","2024-04-12","0.00","0.0","0.0","79","52","60",,,,,
"USC00414333","HOUSTON NATIONAL WEATHER SERVICE OFFICE, TX US","2024-04-13","0.00","0.0","0.0","78","55","67",,,,,
"USC00414333","HOUSTON NATIONAL WEATHER SERVICE OFFICE, TX US","2024-04-14","0.00","0.0","0.0","79","64","69",,,,,
"USC00414333","HOUSTON NATIONAL WEATHER SERVICE OFFICE, TX US","2024-04-15","0.00","0.0","0.0","78","68","72",,,,,
"USC00414333","HOUSTON NATIONAL WEATHER SERVICE OFFICE, TX US","2024-04-16","0.00","0.0","0.0","81","71","74",,,,,
"USC00414333","HOUSTON NATIONAL WEATHER SERVICE OFFICE, TX US","2024-04-17","0.00","0.0","0.0","80","73","74",,,,,
"USC00414333","HOUSTON NATIONAL WEATHER SERVICE OFFICE, TX US","2024-04-18","0.00","0.0","0.0","81","73","74",,,,,
"USC00414333","HOUSTON NATIONAL WEATHER SERVICE OFFICE, TX US","2024-04-19","0.00","0.0","0.0","83","72","73",,,,,
"USC00414333","HOUSTON NATIONAL WEATHER SERVICE OFFICE, TX US","2024-04-20","0.00","0.0","0.0","82","61","64",,,,,
"USC00414333","HOUSTON NATIONAL WEATHER SERVICE OFFICE, TX US","2024-04-21","0.13","0.0","0.0","71","55","59",,"    1",,,
"USC00414333","HOUSTON NATIONAL WEATHER SERVICE OFFICE, TX US","2024-04-22","0.00","0.0","0.0","70","54","56",,,,,
"USC00414333","HOUSTON NATIONAL WEATHER SERVICE OFFICE, TX US","2024-04-23","0.00","0.0","0.0","75","53","69",,,,,
"USC00414333","HOUSTON NATIONAL WEATHER SERVICE OFFICE, TX US","2024-04-24","0.00","0.0","0.0","81","66","68",,,,,
"USC00414333","HOUSTON NATIONAL WEATHER SERVICE OFFICE, TX US","2024-04-25","0.00","0.0","0.0","80","67","73",,,,,
"USC00414333","HOUSTON NATIONAL WEATHER SERVICE OFFICE, TX US","2024-04-26","0.00","0.0","0.0","79","72",,,,,,
"USC00414333","HOUSTON NATIONAL WEATHER SERVICE OFFICE, TX US","2024-04-27","0.00","0.0","0.0","80","74","75",,,,,
"USC00414333","HOUSTON NATIONAL WEATHER SERVICE OFFICE, TX US","2024-04-28","0.01","0.0","0.0","81","74",,,,,,
"USC00414333","HOUSTON NATIONAL WEATHER SERVICE OFFICE, TX US","2024-04-29","1.51","0.0","0.0","79","64","64",,"    1",,,
"USC00414333","HOUSTON NATIONAL WEATHER SERVICE OFFICE, TX US","2024-04-30","0.00","0.0","0.0","83","63","71",,,,,
"USC00414333","HOUSTON NATIONAL WEATHER SERVICE OFFICE, TX US","2024-05-01","0.01","0.0","0.0","82","70","76",,,,,
"USC00414333","HOUSTON NATIONAL WEATHER SERVICE OFFICE, TX US","2024-05-02","0.68","0.0","0.0","79","68","75",,"    1",,,
"USC00414333","HOUSTON NATIONAL WEATHER SERVICE OFFICE, TX US","2024-05-03","0.19","0.0","0.0","81","68","74",,"    1",,,
"USC00414333","HOUSTON NATIONAL WEATHER SERVICE OFFICE, TX US","2024-05-04","0.08","0.0","0.0","84","65","75",,"    1",,,
"USC00414333","HOUSTON NATIONAL WEATHER SERVICE OFFICE, TX US","2024-05-05","0.10","0.0","0.0","84","65","74",,"    1",,,
"USC00414333","HOUSTON NATIONAL WEATHER SERVICE OFFICE, TX US","2024-05-06","0.00","0.0","0.0","83","74","77",,,,,
"USC00414333","HOUSTON NATIONAL WEATHER SERVICE OFFICE, TX US","2024-05-07","0.00","0.0","0.0","84","76","77",,,,,
"USC00414333","HOUSTON NATIONAL WEATHER SERVICE OFFICE, TX US","2024-05-08","0.00","0.0","0.0","85","77","79",,,,,
"USC00414333","HOUSTON NATIONAL WEATHER SERVICE OFFICE, TX US","2024-05-09","0.00","0.0","0.0","87","77","77",,,,,
"USC00414333","HOUSTON NATIONAL WEATHER SERVICE OFFICE, TX US","2024-05-10","0.00","0.0","0.0","86","73","75",,,,,
"USC00414333","HOUSTON NATIONAL WEATHER SERVICE OFFICE, TX US","2024-05-11","0.00","0.0","0.0","79","72","75",,,,,
"USC00414333","HOUSTON NATIONAL WEATHER SERVICE OFFICE, TX US","2024-05-12","0.06","0.0","0.0","84","72",,,,,,
"USC00414333","HOUSTON NATIONAL WEATHER SERVICE OFFICE, TX US","2024-05-13","0.75","0.0","0.0","85","66","66",,"    1",,,
"USC00414333","HOUSTON NATIONAL WEATHER SERVICE OFFICE, TX US","2024-05-14","0.00","0.0","0.0","89","64","68",,,,,
"USC00414333","HOUSTON NATIONAL WEATHER SERVICE OFFICE, TX US","2024-05-15","0.00","0.0","0.0","89","65","75",,,,,
"USC00414333","HOUSTON NATIONAL WEATHER SERVICE OFFICE, TX US","2024-05-16","1.66","0.0","0.0","83","68","70",,,,,
"USC00414333","HOUSTON NATIONAL WEATHER SERVICE OFFICE, TX US","2024-05-17","0.05","0.0","0.0","74","67","69",,,,,
"USC00414333","HOUSTON NATIONAL WEATHER SERVICE OFFICE, TX US","2024-05-18","0.00","0.0","0.0","88","65","75",,,,,
"USC00414333","HOUSTON NATIONAL WEATHER SERVICE OFFICE, TX US","2024-05-19","0.00","0.0","0.0","89","69","74",,,,,
"USC00414333","HOUSTON NATIONAL WEATHER SERVICE OFFICE, TX US","2024-05-20","0.00","0.0","0.0","87","71","79",,,,,
"USC00414333","HOUSTON NATIONAL WEATHER SERVICE OFFICE, TX US","2024-05-21","0.00","0.0","0.0","87","79","79",,,,,
"USC00414333","HOUSTON NATIONAL WEATHER SERVICE OFFICE, TX US","2024-05-22","0.00","0.0","0.0","87","78","80",,,,,
"USC00414333","HOUSTON NATIONAL WEATHER SERVICE OFFICE, TX US","2024-05-23","0.00","0.0","0.0","89","79","79",,,,,
"USC00414333","HOUSTON NATIONAL WEATHER SERVICE OFFICE, TX US","2024-05-24","0.00","0.0","0.0","89","79","79",,,,,
"USC00414333","HOUSTON NATIONAL WEATHER SERVICE OFFICE, TX US","2024-05-25","0.00","0.0","0.0","89","79","81",,,,,
"USC00414333","HOUSTON NATIONAL WEATHER SERVICE OFFICE, TX US","2024-05-26","0.00","0.0","0.0","89","80","81",,,,,
"USC00414333","HOUSTON NATIONAL WEATHER SERVICE OFFICE, TX US","2024-05-27","0.00","0.0","0.0","93","78","82",,,,,
"USC00414333","HOUSTON NATIONAL WEATHER SERVICE OFFICE, TX US","2024-05-28","1.59","0.0","0.0","89","68","71",,,,,
"USC00414333","HOUSTON NATIONAL WEATHER SERVICE OFFICE, TX US","2024-05-29","0.10","0.0","0.0","87","70","80",,,,,
"USC00414333","HOUSTON NATIONAL WEATHER SERVICE OFFICE, TX US","2024-05-30","0.00","0.0","0.0","89","72","77",,,,,
"USC00414333","HOUSTON NATIONAL WEATHER SERVICE OFFICE, TX US","2024-05-31","2.53","0.0","0.0","84","67","75",,"    1",,"    1",
"USC00414333","HOUSTON NATIONAL WEATHER SERVICE OFFICE, TX US","2024-06-01","0.16","0.0","0.0","89","72","79",,,,,
"USC00414333","HOUSTON NATIONAL WEATHER SERVICE OFFICE, TX US","2024-06-02","0.00","0.0","0.0","90","76","81",,,,,
"USC00414333","HOUSTON NATIONAL WEATHER SERVICE OFFICE, TX US","2024-06-03","0.00","0.0","0.0","89","80","82",,,,,
"USC00414333","HOUSTON NATIONAL WEATHER SERVICE OFFICE, TX US","2024-06-04","0.00","0.0","0.0","89","81","82",,,,,
"USC00414333","HOUSTON NATIONAL WEATHER SERVICE OFFICE, TX US","2024-06-05","0.58","0.0","0.0","87","68","73",,"    1",,,
"USC00414333","HOUSTON NATIONAL WEATHER SERVICE OFFICE, TX US","2024-06-06","0.00","0.0","0.0","93","70","78",,,,,
"USC00414333","HOUSTON NATIONAL WEATHER SERVICE OFFICE, TX US","2024-06-07","0.00","0.0","0.0","93","70",,,,,,
"USC00414333","HOUSTON NATIONAL WEATHER SERVICE OFFICE, TX US","2024-06-08","0.00","0.0","0.0","91","74","78",,,,,
"USC00414333","HOUSTON NATIONAL WEATHER SERVICE OFFICE, TX US","2024-06-09","0.28","0.0","0.0","88","74","77",,,,,
"USC00414333","HOUSTON NATIONAL WEATHER SERVICE OFFICE, TX US","2024-06-10","0.55",,,"92","75","78",,,,,
"USC00414333","HOUSTON NATIONAL WEATHER SERVICE OFFICE, TX US","2024-06-11","0.05",,,"91","75","79",,,,,
"USC00414333","HOUSTON NATIONAL WEATHER SERVICE OFFICE, TX US","2024-06-12","0.00","0.0",,"91","75",,,,,,
"USC00414333","HOUSTON NATIONAL WEATHER SERVICE OFFICE, TX US","2024-06-13","0.00","0.0","0.0","92","77",,,,,,
"USC00414333","HOUSTON NATIONAL WEATHER SERVICE OFFICE, TX US","2024-06-14","0.00","0.0","0.0","92","75","77",,,,,
"USC00414333","HOUSTON NATIONAL WEATHER SERVICE OFFICE, TX US","2024-06-15","0.00","0.0","0.0","92","74","79",,,,,
"USC00414333","HOUSTON NATIONAL WEATHER SERVICE OFFICE, TX US","2024-06-16","0.00","0.0","0.0","92","75","83",,,,,
"USC00414333","HOUSTON NATIONAL WEATHER SERVICE OFFICE, TX US","2024-06-17","0.00","0.0","0.0","91","78","81",,,,,
"USC00414333","HOUSTON NATIONAL WEATHER SERVICE OFFICE, TX US","2024-06-18","0.53","0.0","0.0","91","75","80",,,,,
"USC00414333","HOUSTON NATIONAL WEATHER SERVICE OFFICE, TX US","2024-06-19","1.77","0.0","0.0","83","75","83",,,,,
"USC00414333","HOUSTON NATIONAL WEATHER SERVICE OFFICE, TX US","2024-06-20","0.05","0.0","0.0","89","79","81",,,,,
"USC00414333","HOUSTON NATIONAL WEATHER SERVICE OFFICE, TX US","2024-06-21","0.00","0.0","0.0","89","77","78",,,,,
"USC00414333","HOUSTON NATIONAL WEATHER SERVICE OFFICE, TX US","2024-06-22","0.00","0.0","0.0","90","75","75",,,,,
"USC00414333","HOUSTON NATIONAL WEATHER SERVICE OFFICE, TX US","2024-06-23","0.00","0.0","0.0","91","75","80",,,,,
"USC00414333","HOUSTON NATIONAL WEATHER SERVICE OFFICE, TX US","2024-06-24","0.00","0.0","0.0","91","78","81",,,,,
"USC00414333","HOUSTON NATIONAL WEATHER SERVICE OFFICE, TX US","2024-06-25","0.00","0.0","0.0","92","74","82",,,,,
"USC00414333","HOUSTON NATIONAL WEATHER SERVICE OFFICE, TX US","2024-06-26","0.67","0.0","0.0","90","76","80",,,,,
"USC00414333","HOUSTON NATIONAL WEATHER SERVICE OFFICE, TX US","2024-06-27","0.00","0.0","0.0","96","79","83",,,,,
"USC00414333","HOUSTON NATIONAL WEATHER SERVICE OFFICE, TX US","2024-06-28","1.00","0.0","0.0","92","80","83",,,,,
"USC00414333","HOUSTON NATIONAL WEATHER SERVICE OFFICE, TX US","2024-06-29","0.00","0.0","0.0","93","83","83",,,,,
"USC00414333","HOUSTON NATIONAL WEATHER SERVICE OFFICE, TX US","2024-06-30","0.00","0.0","0.0","94","79",,,,,,
"USC00414333","HOUSTON NATIONAL WEATHER SERVICE OFFICE, TX US","2024-07-01","0.00","0.0","0.0","96","78","83",,,,,
"USC00414333","HOUSTON NATIONAL WEATHER SERVICE OFFICE, TX US","2024-07-02","0.00","0.0","0.0","95","80","82",,,,,
"USC00414333","HOUSTON NATIONAL WEATHER SERVICE OFFICE, TX US","2024-07-03","0.00","0.0","0.0","92","79","82",,,,,
"USC00414333","HOUSTON NATIONAL WEATHER SERVICE OFFICE, TX US","2024-07-04","0.00","0.0","0.0","93","80","82",,,,,
"USC00414333","HOUSTON NATIONAL WEATHER SERVICE OFFICE, TX US","2024-07-05","0.00","0.0","0.0","97","79","82",,,,,
"USC00414333","HOUSTON NATIONAL WEATHER SERVICE OFFICE, TX US","2024-07-06","0.21","0.0","0.0","95","77","80",,"    1",,,
"USC00414333","HOUSTON NATIONAL WEATHER SERVICE OFFICE, TX US","2024-07-07","0.73","0.0","0.0","90","76","82",,,,,
"USC00414333","HOUSTON NATIONAL WEATHER SERVICE OFFICE, TX US","2024-07-08","4.65","0.0","0.0","88","79","82",,,,,
"USC00414333","HOUSTON NATIONAL WEATHER SERVICE OFFICE, TX US","2024-07-09","0.40","0.0","0.0","97","79","81",,,,,
"USC00414333","HOUSTON NATIONAL WEATHER SERVICE OFFICE, TX US","2024-07-10","0.06","0.0","0.0","95","79","80",,,,,
"USC00414333","HOUSTON NATIONAL WEATHER SERVICE OFFICE, TX US","2024-07-11","0.05","0.0","0.0","87","78","80",,,,,
"USC00414333","HOUSTON NATIONAL WEATHER SERVICE OFFICE, TX US","2024-07-12","0.51","0.0",,"89","78","81",,,,,
"USC00414333","HOUSTON NATIONAL WEATHER SERVICE OFFICE, TX US","2024-07-13","0.47","0.0",,"93","76","79",,,,,
"USC00414333","HOUSTON NATIONAL WEATHER SERVICE OFFICE, TX US","2024-07-14","0.00","0.0",,"96","79","82",,,,,
"USC00414333","HOUSTON NATIONAL WEATHER SERVICE OFFICE, TX US","2024-07-15","0.00","0.0","0.0","94","81","81",,,,,
"USC00414333","HOUSTON NATIONAL WEATHER SERVICE OFFICE, TX US","2024-07-16","0.00","0.0","0.0","95","80","84",,,,,
"USC00414333","HOUSTON NATIONAL WEATHER SERVICE OFFICE, TX US","2024-07-17","0.34","0.0","0.0","96","78","81",,"    1",,,
"USC00414333","HOUSTON NATIONAL WEATHER SERVICE OFFICE, TX US","2024-07-18","0.01","0.0","0.0","92","78",,,,,,
"USC00414333","HOUSTON NATIONAL WEATHER SERVICE OFFICE, TX US","2024-07-19","0.80","0.0","0.0","93","80","80",,,,,
"USC00414333","HOUSTON NATIONAL WEATHER SERVICE OFFICE, TX US","2024-07-20","1.58","0.0","0.0","93","76","80",,"    1",,,
"USC00414333","HOUSTON NATIONAL WEATHER SERVICE OFFICE, TX US","2024-07-21","0.04","0.0","0.0","92","77",,,,,,
"USC00414333","HOUSTON NATIONAL WEATHER SERVICE OFFICE, TX US","2024-07-22","0.97","0.0","0.0","89","75","79",,"    1",,,
"USC00414333","HOUSTON NATIONAL WEATHER SERVICE OFFICE, TX US","2024-07-23","0.34","0.0","0.0",,"77",,,"    1",,,
"USC00414333","HOUSTON NATIONAL WEATHER SERVICE OFFICE, TX US","2024-07-24","1.57","0.0","0.0",,,,,"    1",,,
"USC00414333","HOUSTON NATIONAL WEATHER SERVICE OFFICE, TX US","2024-07-25","1.34","0.0","0.0",,,,,"    1",,,
"USC00414333","HOUSTON NATIONAL WEATHER SERVICE OFFICE, TX US","2024-07-26","5.33","0.0","0.0",,,,,"    1",,,
"USC00414333","HOUSTON NATIONAL WEATHER SERVICE OFFICE, TX US","2024-07-27","0.72","0.0","0.0",,,,,"    1",,,
"USC00414333","HOUSTON NATIONAL WEATHER SERVICE OFFICE, TX US","2024-07-28","0.02","0.0","0.0",,,,,,,,
"USC00414333","HOUSTON NATIONAL WEATHER SERVICE OFFICE, TX US","2024-07-29","0.00","0.0","0.0",,,,,,,,
"USC00414333","HOUSTON NATIONAL WEATHER SERVICE OFFICE, TX US","2024-07-30","0.07","0.0","0.0",,,,,,,,
"USC00414333","HOUSTON NATIONAL WEATHER SERVICE OFFICE, TX US","2024-07-31","0.00","0.0","0.0","93","78","79",,,,,
"USC00414333","HOUSTON NATIONAL WEATHER SERVICE OFFICE, TX US","2024-08-01","0.00","0.0","0.0","94","76","81",,,,,
"USC00414333","HOUSTON NATIONAL WEATHER SERVICE OFFICE, TX US","2024-08-02","0.00","0.0","0.0","95","78","82",,,,,
"USC00414333","HOUSTON NATIONAL WEATHER SERVICE OFFICE, TX US","2024-08-03","0.00","0.0","0.0","96","80","82",,,,,
"USC00414333","HOUSTON NATIONAL WEATHER SERVICE OFFICE, TX US","2024-08-04","0.62","0.0","0.0","93","73","81",,"    1",,,
"USC00414333","HOUSTON NATIONAL WEATHER SERVICE OFFICE, TX US","2024-08-05","0.00","0.0","0.0","95","77","81",,,,,
"USC00414333","HOUSTON NATIONAL WEATHER SERVICE OFFICE, TX US","2024-08-06","0.00","0.0","0.0","95","78","82",,,,,
"USC00414333","HOUSTON NATIONAL WEATHER SERVICE OFFICE, TX US","2024-08-07","0.00","0.0","0.0","96","79","82",,,,,
"USC00414333","HOUSTON NATIONAL WEATHER SERVICE OFFICE, TX US","2024-08-08","0.00","0.0","0.0","96","79","82",,,,,
"USC00414333","HOUSTON NATIONAL WEATHER SERVICE OFFICE, TX US","2024-08-09","0.00","0.0","0.0","96","80","82",,,,,
"USC00414333","HOUSTON NATIONAL WEATHER SERVICE OFFICE, TX US","2024-08-10","0.00","0.0","0.0","93","79","79",,,,,
"USC00414333","HOUSTON NATIONAL WEATHER SERVICE OFFICE, TX US","2024-08-11","0.00","0.0","0.0","93","78","79",,,,,
"USC00414333","HOUSTON NATIONAL WEATHER SERVICE OFFICE, TX US","2024-08-12","0.02","0.0","0.0","95","77","82",,,,,
"USC00414333","HOUSTON NATIONAL WEATHER SERVICE OFFICE, TX US","2024-08-13","0.03","0.0","0.0","94","79","82",,,,,
"USC00414333","HOUSTON NATIONAL WEATHER SERVICE OFFICE, TX US","2024-08-14","0.00","0.0","0.0","94","78","83",,,,,
"USC00414333","HOUSTON NATIONAL WEATHER SERVICE OFFICE, TX US","2024-08-15","0.22","0.0","0.0","93","78","89",,"    1",,,
"USC00414333","HOUSTON NATIONAL WEATHER SERVICE OFFICE, TX US","2024-08-16","0.00","0.0","0.0","95","78","84",,,,,
"USC00414333","HOUSTON NATIONAL WEATHER SERVICE OFFICE, TX US","2024-08-17","0.00","0.0","0.0","95","78","83",,,,,
"USC00414333","HOUSTON NATIONAL WEATHER SERVICE OFFICE, TX US","2024-08-18","0.00","0.0","0.0","97","79",,,,,,
"USC00414333","HOUSTON NATIONAL WEATHER SERVICE OFFICE, TX US","2024-08-19","0.00","0.0","0.0","97","78","82",,,,,
"USC00414333","HOUSTON NATIONAL WEATHER SERVICE OFFICE, TX US","2024-08-20","0.00","0.0","0.0","99","78","83",,,,,
"USC00414333","HOUSTON NATIONAL WEATHER SERVICE OFFICE, TX US","2024-08-21","0.00","0.0","0.0","96","80","85",,,,,
"USC00414333","HOUSTON NATIONAL WEATHER SERVICE OFFICE, TX US","2024-08-22","0.00","0.0","0.0","95","80","85",,,,,
"USC00414333","HOUSTON NATIONAL WEATHER SERVICE OFFICE, TX US","2024-08-23","0.00","0.0","0.0","94","79","79",,,,,
"USC00414333","HOUSTON NATIONAL WEATHER SERVICE OFFICE, TX US","2024-08-24","0.00","0.0","0.0","92","77","80",,,,,
"USC00414333","HOUSTON NATIONAL WEATHER SERVICE OFFICE, TX US","2024-08-25","0.06","0.0","0.0","94","76","80",,,,,
"USC00414333","HOUSTON NATIONAL WEATHER SERVICE OFFICE, TX US","2024-08-26","0.30","0.0","0.0","89","74","80",,,,,
"USC00414333","HOUSTON NATIONAL WEATHER SERVICE OFFICE, TX US","2024-08-27","0.05","0.0","0.0","87","76","80",,,,,
"USC00414333","HOUSTON NATIONAL WEATHER SERVICE OFFICE, TX US","2024-08-28","0.02","0.0","0.0","90","77","79",,,,,
"USC00414333","HOUSTON NATIONAL WEATHER SERVICE OFFICE, TX US","2024-08-29","2.06","0.0","0.0","84","75","75",,"    1",,,
"USC00414333","HOUSTON NATIONAL WEATHER SERVICE OFFICE, TX US","2024-08-30","0.33","0.0","0.0","81","74",,,,,,
"USC00414333","HOUSTON NATIONAL WEATHER SERVICE OFFICE, TX US","2024-08-31","0.00","0.0","0.0","81","74","78",,"    1",,,
"USC00414333","HOUSTON NATIONAL WEATHER SERVICE OFFICE, TX US","2024-09-01","0.55","0.0","0.0","86","77","80",,"    1",,,
"USC00414333","HOUSTON NATIONAL WEATHER SERVICE OFFICE, TX US","2024-09-02","0.83","0.0",,"84","76","79",,,,,
"USC00414333","HOUSTON NATIONAL WEATHER SERVICE OFFICE, TX US","2024-09-03","0.00","0.0",,"84","78","80",,,,,
"USC00414333","HOUSTON NATIONAL WEATHER SERVICE OFFICE, TX US","2024-09-04","1.13","0.0",,"86","75","78",,,,,
"USC00414333","HOUSTON NATIONAL WEATHER SERVICE OFFICE, TX US","2024-09-05","0.74","0.0","0.0","82","76","77",,,,,
"USC00414333","HOUSTON NATIONAL WEATHER SERVICE OFFICE, TX US","2024-09-06","0.15","0.0","0.0","84","73",,,,,,
"USC00414333","HOUSTON NATIONAL WEATHER SERVICE OFFICE, TX US","2024-09-07","0.00","0.0","0.0","86","71","75",,,,,
"USC00414333","HOUSTON NATIONAL WEATHER SERVICE OFFICE, TX US","2024-09-08","0.00","0.0","0.0","85","70","74",,,,,
"USC00414333","HOUSTON NATIONAL WEATHER SERVICE OFFICE, TX US","2024-09-09","0.00","0.0","0.0","87","70","78",,,,,
"USC00414333","HOUSTON NATIONAL WEATHER SERVICE OFFICE, TX US","2024-09-10","0.00","0.0","0.0","87","70","76",,,,,
"USC00414333","HOUSTON NATIONAL WEATHER SERVICE OFFICE, TX US","2024-09-11","0.16","0.0","0.0","86","74","74",,,,,
"USC00414333","HOUSTON NATIONAL WEATHER SERVICE OFFICE, TX US","2024-09-12","0.01","0.0","0.0","88","72","74",,,,,
"USC00414333","HOUSTON NATIONAL WEATHER SERVICE OFFICE, TX US","2024-09-13","0.00","0.0","0.0","93","71","80",,,,,
"USC00414333","HOUSTON NATIONAL WEATHER SERVICE OFFICE, TX US","2024-09-14","0.00","0.0","0.0","93","71","79",,,,,
"USC00414333","HOUSTON NATIONAL WEATHER SERVICE OFFICE, TX US","2024-09-15","0.00","0.0","0.0","91","77","79",,,,,
"USC00414333","HOUSTON NATIONAL WEATHER SERVICE OFFICE, TX US","2024-09-16","0.01","0.0","0.0","90","76","79",,,,,
"USC00414333","HOUSTON NATIONAL WEATHER SERVICE OFFICE, TX US","2024-09-17","0.00","0.0","0.0","92","75","80",,,,,
"USC00414333","HOUSTON NATIONAL WEATHER SERVICE OFFICE, TX US","2024-09-18","0.00","0.0","0.0","91","76","80",,,,,
"USC00414333","HOUSTON NATIONAL WEATHER SERVICE OFFICE, TX US","2024-09-19","0.00","0.0","0.0","93","77","80",,,,,
"USC00414333","HOUSTON NATIONAL WEATHER SERVICE OFFICE, TX US","2024-09-20","0.00","0.0","0.0","93","76","80",,,,,
"USC00414333","HOUSTON NATIONAL WEATHER SERVICE OFFICE, TX US","2024-09-21","0.00","0.0","0.0","91","76","80",,,,,
"USC00414333","HOUSTON NATIONAL WEATHER SERVICE OFFICE, TX US","2024-09-22","0.06","0.0","0.0","90","75","76",,,,,
"USC00414333","HOUSTON NATIONAL WEATHER SERVICE OFFICE, TX US","2024-09-23","0.00","0.0","0.0","87","74","77",,,,,
"USC00414333","HOUSTON NATIONAL WEATHER SERVICE OFFICE, TX US","2024-09-24","0.01","0.0","0.0","90","75","78",,,,,
"USC00414333","HOUSTON NATIONAL WEATHER SERVICE OFFICE, TX US","2024-09-25","1.43","0.0","0.0","87","75","76",,,,,
"USC00414333","HOUSTON NATIONAL WEATHER SERVICE OFFICE, TX US","2024-09-26","0.00","0.0","0.0","86","69","69",,,,,
"USC00414333","HOUSTON NATIONAL WEATHER SERVICE OFFICE, TX US","2024-09-27","0.00","0.0","0.0","90","65","69",,,,,
"USC00414333","HOUSTON NATIONAL WEATHER SERVICE OFFICE, TX US","2024-09-28","0.00","0.0","0.0","92","67","71",,,,,
"USC00414333","HOUSTON NATIONAL WEATHER SERVICE OFFICE, TX US","2024-09-29","0.00","0.0","0.0","91","63","71",,,,,
"USC00414333","HOUSTON NATIONAL WEATHER SERVICE OFFICE, TX US","2024-09-30","0.00","0.0","0.0","90","68","73",,,,,
"USC00414333","HOUSTON NATIONAL WEATHER SERVICE OFFICE, TX US","2024-10-01","0.00","0.0","0.0","92","69","77",,,,,
"USC00414333","HOUSTON NATIONAL WEATHER SERVICE OFFICE, TX US","2024-10-02","0.00","0.0","0.0","88","71","73",,,,,
"USC00414333","HOUSTON NATIONAL WEATHER SERVICE OFFICE, TX US","2024-10-03","0.00","0.0","0.0","89","69","78",,,,,
"USC00414333","HOUSTON NATIONAL WEATHER SERVICE OFFICE, TX US","2024-10-04","0.06","0.0","0.0","86","74","77",,,,,
"USC00414333","HOUSTON NATIONAL WEATHER SERVICE OFFICE, TX US","2024-10-05","0.00","0.0","0.0","86","74","76",,,,,
"USC00414333","HOUSTON NATIONAL WEATHER SERVICE OFFICE, TX US","2024-10-06","0.00","0.0","0.0","89","73",,,,,,
"USC00414333","HOUSTON NATIONAL WEATHER SERVICE OFFICE, TX US","2024-10-07","0.00","0.0","0.0","90","70","72",,,,,
"USC00414333","HOUSTON NATIONAL WEATHER SERVICE OFFICE, TX US","2024-10-08","0.00","0.0","0.0","90","68","69",,,,,
"USC00414333","HOUSTON NATIONAL WEATHER SERVICE OFFICE, TX US","2024-10-09","0.00","0.0",,"87","59","67",,,,,
"USC00414333","HOUSTON NATIONAL WEATHER SERVICE OFFICE, TX US","2024-10-10","0.00","0.0","0.0","87","62","66",,,,,
"USC00414333","HOUSTON NATIONAL WEATHER SERVICE OFFICE, TX US","2024-10-11","0.00","0.0","0.0","87","62","68",,,,,
"USC00414333","HOUSTON NATIONAL WEATHER SERVICE OFFICE, TX US","2024-10-12","0.00","0.0","0.0","88","64","73",,,,,
"USC00414333","HOUSTON NATIONAL WEATHER SERVICE OFFICE, TX US","2024-10-13","0.00","0.0","0.0","89","66","73",,,,,
"USC00414333","HOUSTON NATIONAL WEATHER SERVICE OFFICE, TX US","2024-10-14","0.00","0.0","0.0","96","70","76",,,,,
"USC00414333","HOUSTON NATIONAL WEATHER SERVICE OFFICE, TX US","2024-10-15","0.00","0.0","0.0","95","66","74",,,,,
"USC00414333","HOUSTON NATIONAL WEATHER SERVICE OFFICE, TX US","2024-10-16","0.00","0.0","0.0","75","61","61",,,,,
"USC00414333","HOUSTON NATIONAL WEATHER SERVICE OFFICE, TX US","2024-10-17","0.00","0.0","0.0","71","57","59",,,,,
"USC00414333","HOUSTON NATIONAL WEATHER SERVICE OFFICE, TX US","2024-10-18","0.00","0.0","0.0","76","59","63",,,,,
"USC00414333","HOUSTON NATIONAL WEATHER SERVICE OFFICE, TX US","2024-10-19","0.00","0.0","0.0","78","63","64",,,,,
"USC00414333","HOUSTON NATIONAL WEATHER SERVICE OFFICE, TX US","2024-10-20","0.00","0.0","0.0","79","61","61",,,,,
"USC00414333","HOUSTON NATIONAL WEATHER SERVICE OFFICE, TX US","2024-10-21","0.00","0.0","0.0","80","60","60",,,,,
"USC00414333","HOUSTON NATIONAL WEATHER SERVICE OFFICE, TX US","2024-10-22","0.00","0.0","0.0","81","60","67",,,,,
"USC00414333","HOUSTON NATIONAL WEATHER SERVICE OFFICE, TX US","2024-10-23","0.00","0.0","0.0","84","63","64",,,,,
"USC00414333","HOUSTON NATIONAL WEATHER SERVICE OFFICE, TX US","2024-10-24","0.00","0.0","0.0","83","60","65",,,,,
"USC00414333","HOUSTON NATIONAL WEATHER SERVICE OFFICE, TX US","2024-10-25","0.00","0.0","0.0","87","60","72",,,,,
"USC00414333","HOUSTON NATIONAL WEATHER SERVICE OFFICE, TX US","2024-10-26","0.00","0.0","0.0","87","60","68",,,,,
"USC00414333","HOUSTON NATIONAL WEATHER SERVICE OFFICE, TX US","2024-10-27","0.00","0.0","0.0","87","60",,,,,,
"USC00414333","HOUSTON NATIONAL WEATHER SERVICE OFFICE, TX US","2024-10-28","0.00","0.0","0.0","85","66","76",,,,,
"USC00414333","HOUSTON NATIONAL WEATHER SERVICE OFFICE, TX US","2024-10-29","0.00","0.0","0.0","85","74","76",,,,,
"USC00414333","HOUSTON NATIONAL WEATHER SERVICE OFFICE, TX US","2024-10-30","0.03","0.0","0.0","83","75","77",,,,,
"USC00414333","HOUSTON NATIONAL WEATHER SERVICE OFFICE, TX US","2024-10-31","1.58","0.0","0.0","82","70","71",,,,,
"USC00414333","HOUSTON NATIONAL WEATHER SERVICE OFFICE, TX US","2024-11-01","0.01","0.0","0.0","78","70","73",,,,,
"USC00414333","HOUSTON NATIONAL WEATHER SERVICE OFFICE, TX US","2024-11-02","0.21","0.0","0.0","83","72","76",,,,,
"USC00414333","HOUSTON NATIONAL WEATHER SERVICE OFFICE, TX US","2024-11-03","0.22","0.0","0.0","83","75","78",,,,,
"USC00414333","HOUSTON NATIONAL WEATHER SERVICE OFFICE, TX US","2024-11-04","0.03","0.0","0.0","84","78","78",,,,,
"USC00414333","HOUSTON NATIONAL WEATHER SERVICE OFFICE, TX US","2024-11-05","0.47","0.0","0.0","80","69","69",,,,,
"USC00414333","HOUSTON NATIONAL WEATHER SERVICE OFFICE, TX US","2024-11-06","0.00","0.0","0.0","79","67","74",,,,,
"USC00414333","HOUSTON NATIONAL WEATHER SERVICE OFFICE, TX US","2024-11-07","0.04","0.0","0.0","84","74","74",,,,,
"USC00414333","HOUSTON NATIONAL WEATHER SERVICE OFFICE, TX US","2024-11-08","0.04","0.0","0.0","81","74","77",,,,,
"USC00414333","HOUSTON NATIONAL WEATHER SERVICE OFFICE, TX US","2024-11-09","0.28","0.0","0.0","77","65","71",,,,,
"USC00414333","HOUSTON NATIONAL WEATHER SERVICE OFFICE, TX US","2024-11-10","0.01","0.0","0.0","79","69","69",,,,,
"USC00414333","HOUSTON NATIONAL WEATHER SERVICE OFFICE, TX US","2024-11-11","0.00","0.0","0.0","81","66","66",,,,,
"USC00414333","HOUSTON NATIONAL WEATHER SERVICE OFFICE, TX US","2024-11-12","0.00","0.0","0.0","77","61","61",,,,,
"USC00414333","HOUSTON NATIONAL WEATHER SERVICE OFFICE, TX US","2024-11-13","0.00","0.0","0.0","83","58","66",,,,,
"USC00414333","HOUSTON NATIONAL WEATHER SERVICE OFFICE, TX US","2024-11-14","0.00","0.0","0.0","75","53","53",,,,,
"USC00414333","HOUSTON NATIONAL WEATHER SERVICE OFFICE, TX US","2024-11-15","0.00","0.0","0.0","72","51","55",,,,,
"USC00414333","HOUSTON NATIONAL WEATHER SERVICE OFFICE, TX US","2024-11-16","0.03","0.0","0.0","80","55","75",,,,,
"USC00414333","HOUSTON NATIONAL WEATHER SERVICE OFFICE, TX US","2024-11-17","0.00","0.0","0.0","82","54","75",,,,,
"USC00414333","HOUSTON NATIONAL WEATHER SERVICE OFFICE, TX US","2024-11-18","0.70","0.0","0.0","83","64","64",,,,,
"USC00414333","HOUSTON NATIONAL WEATHER SERVICE OFFICE, TX US","2024-11-19","0.00","0.0","0.0","80","57","59",,,,,
"USC00414333","HOUSTON NATIONAL WEATHER SERVICE OFFICE, TX US","2024-11-20","0.00","0.0","0.0","69","48","48",,,,,
"USC00414333","HOUSTON NATIONAL WEATHER SERVICE OFFICE, TX US","2024-11-21","0.00","0.0","0.0","71","41","52",,,,,
"USC00414333","HOUSTON NATIONAL WEATHER SERVICE OFFICE, TX US","2024-11-22","0.00","0.0","0.0","74","46","51",,,,,
"USC00414333","HOUSTON NATIONAL WEATHER SERVICE OFFICE, TX US","2024-11-23","0.00","0.0","0.0","74","48","63",,,,,
"USC00414333","HOUSTON NATIONAL WEATHER SERVICE OFFICE, TX US","2024-11-24","0.00","0.0","0.0","80","58","69",,,,,
"USC00414333","HOUSTON NATIONAL WEATHER SERVICE OFFICE, TX US","2024-11-25","0.00","0.0","0.0","84","57","57",,,,,
"USC00414333","HOUSTON NATIONAL WEATHER SERVICE OFFICE, TX US","2024-11-26","0.00","0.0","0.0","68","50","58",,,,,
"USC00414333","HOUSTON NATIONAL WEATHER SERVICE OFFICE, TX US","2024-11-27","0.00","0.0","0.0","82","57",,,,,,
"USC00414333","HOUSTON NATIONAL WEATHER SERVICE OFFICE, TX US","2024-11-28","0.00","0.0","0.0","70","54","54",,,,,
"USC00414333","HOUSTON NATIONAL WEATHER SERVICE OFFICE, TX US","2024-11-29","0.00","0.0","0.0","60","47","50",,,,,
"USC00414333","HOUSTON NATIONAL WEATHER SERVICE OFFICE, TX US","2024-11-30","0.00","0.0","0.0","60","46","52",,,,,
"USC00414333","HOUSTON NATIONAL WEATHER SERVICE OFFICE, TX US","2024-12-01","0.00","0.0","0.0","67","49","49",,,,,
"USC00414333","HOUSTON NATIONAL WEATHER SERVICE OFFICE, TX US","2024-12-02","0.00","0.0","0.0","65","46","46",,,,,
"USC00414333","HOUSTON NATIONAL WEATHER SERVICE OFFICE, TX US","2024-12-03","0.00","0.0","0.0","64","45","58",,,,,
"USC00414333","HOUSTON NATIONAL WEATHER SERVICE OFFICE, TX US","2024-12-04","0.07","0.0","0.0","76","56","67",,,,,
"USC00414333","HOUSTON NATIONAL WEATHER SERVICE OFFICE, TX US","2024-12-05","0.02","0.0","0.0","67","54","54",,,,,
"USC00414333","HOUSTON NATIONAL WEATHER SERVICE OFFICE, TX US","2024-12-06","0.00","0.0","0.0","55","43","47",,,,,
"USC00414333","HOUSTON NATIONAL WEATHER SERVICE OFFICE, TX US","2024-12-07","0.06","0.0","0.0","66","46","66",,,,,
"USC00414333","HOUSTON NATIONAL WEATHER SERVICE OFFICE, TX US","2024-12-08","0.20","0.0","0.0","66","54","59",,,,,
"USC00414333","HOUSTON NATIONAL WEATHER SERVICE OFFICE, TX US","2024-12-09","0.00","0.0","0.0","76","59","70",,,,,
"USC00414333","HOUSTON NATIONAL WEATHER SERVICE OFFICE, TX US","2024-12-10","0.00","0.0","0.0","70","46","46",,,,,
"USC00414333","HOUSTON NATIONAL WEATHER SERVICE OFFICE, TX US","2024-12-11","0.00","0.0","0.0","61","38","39",,,,,
"USC00414333","HOUSTON NATIONAL WEATHER SERVICE OFFICE, TX US","2024-12-12","0.00","0.0","0.0","62","36","59",,,,,
"USC00414333","HOUSTON NATIONAL WEATHER SERVICE OFFICE, TX US","2024-12-13","0.09","0.0","0.0","64","59","64",,,,,
"USC00414333","HOUSTON NATIONAL WEATHER SERVICE OFFICE, TX US","2024-12-14","0.01","0.0","0.0","77","63","67",,,,,
"USC00414333","HOUSTON NATIONAL WEATHER SERVICE OFFICE, TX US","2024-12-15","0.00","0.0","0.0","78","66","67",,,,,
"USC00414333","HOUSTON NATIONAL WEATHER SERVICE OFFICE, TX US","2024-12-16","0.00","0.0","0.0","80","64","67",,,,,
"USC00414333","HOUSTON NATIONAL WEATHER SERVICE OFFICE, TX US","2024-12-17","0.02","0.0","0.0","78","64","66",,,,,
"USC00414333","HOUSTON NATIONAL WEATHER SERVICE OFFICE, TX US","2024-12-18","0.09","0.0","0.0","79","56","57",,,,,
"USC00414333","HOUSTON NATIONAL WEATHER SERVICE OFFICE, TX US","2024-12-19","0.00","0.0","0.0","62","47","50",,,,,
"USC00414333","HOUSTON NATIONAL WEATHER SERVICE OFFICE, TX US","2024-12-20","0.00","0.0","0.0","68","47","49",,,,,
"USC00414333","HOUSTON NATIONAL WEATHER SERVICE OFFICE, TX US","2024-12-21","0.00","0.0","0.0","56","43","43",,,,,
"USC00414333","HOUSTON NATIONAL WEATHER SERVICE OFFICE, TX US","2024-12-22","0.00","0.0","0.0","64","43","53",,,,,
"USC00414333","HOUSTON NATIONAL WEATHER SERVICE OFFICE, TX US","2024-12-23","0.00","0.0","0.0","73","50","65",,,,,
"USC00414333","HOUSTON NATIONAL WEATHER SERVICE OFFICE, TX US","2024-12-24","0.04","0.0",,"77","62","66",,,,,
"USC00414333","HOUSTON NATIONAL WEATHER SERVICE OFFICE, TX US","2024-12-25","1.19","0.0","0.0","67","58","63",,,,,
"USC00414333","HOUSTON NATIONAL WEATHER SERVICE OFFICE, TX US","2024-12-26","0.12","0.0","0.0","76","63",,,"    1",,,
"USC00414333","HOUSTON NATIONAL WEATHER SERVICE OFFICE, TX US","2024-12-27","0.00","0.0","0.0","78","54","69",,,,,
"USC00414333","HOUSTON NATIONAL WEATHER SERVICE OFFICE, TX US","2024-12-28","1.00","0.0","0.0","78","54","54",,"    1",,,
"USC00414333","HOUSTON NATIONAL WEATHER SERVICE OFFICE, TX US","2024-12-29","0.00","0.0","0.0","66","52","52","    1",,,,
"USC00414333","HOUSTON NATIONAL WEATHER SERVICE OFFICE, TX US","2024-12-30","0.00","0.0","0.0","79","50",,,,,,
"USC00414333","HOUSTON NATIONAL WEATHER SERVICE OFFICE, TX US","2024-12-31","0.00","0.0","0.0","72","56","56",,,,,
"USC00414333","HOUSTON NATIONAL WEATHER SERVICE OFFICE, TX US","2025-01-01","0.00","0.0","0.0","60","50","56",,,,,
"USC00414333","HOUSTON NATIONAL WEATHER SERVICE OFFICE, TX US","2025-01-02","0.07","0.0","0.0","60","51","60",,,,,
"USC00414333","HOUSTON NATIONAL WEATHER SERVICE OFFICE, TX US","2025-01-03","0.00","0.0","0.0","69","59","62",,,,,
"USC00414333","HOUSTON NATIONAL WEATHER SERVICE OFFICE, TX US","2025-01-04","0.12","0.0","0.0","70","58","67",,,,,
"USC00414333","HOUSTON NATIONAL WEATHER SERVICE OFFICE, TX US","2025-01-05","0.56","0.0","0.0","76","41","41",,,,,
"USC00414333","HOUSTON NATIONAL WEATHER SERVICE OFFICE, TX US","2025-01-06","0.00","0.0","0.0","45","31","35",,,,,
"USC00414333","HOUSTON NATIONAL WEATHER SERVICE OFFICE, TX US","2025-01-07","0.00","0.0","0.0","50","31","42",,,,,
"USC00414333","HOUSTON NATIONAL WEATHER SERVICE OFFICE, TX US","2025-01-08","0.00","0.0","0.0","43","36","42",,,,,
"USC00414333","HOUSTON NATIONAL WEATHER SERVICE OFFICE, TX US","2025-01-09","1.73","0.0","0.0","44","36","36",,,,,
"USC00414333","HOUSTON NATIONAL WEATHER SERVICE OFFICE, TX US","2025-01-10","0.00","0.0","0.0","42","35","39",,,,,
"USC00414333","HOUSTON NATIONAL WEATHER SERVICE OFFICE, TX US","2025-01-11","0.00","0.0","0.0","53","31","39",,,,,
"USC00414333","HOUSTON NATIONAL WEATHER SERVICE OFFICE, TX US","2025-01-12","0.23","0.0","0.0","56","39","49",,,,,
"USC00414333","HOUSTON NATIONAL WEATHER SERVICE OFFICE, TX US","2025-01-13","0.00","0.0","0.0","60","43","47",,,,,
"USC00414333","HOUSTON NATIONAL WEATHER SERVICE OFFICE, TX US","2025-01-14","0.00","0.0","0.0","50","41","50",,,,,
"USC00414333","HOUSTON NATIONAL WEATHER SERVICE OFFICE, TX US","2025-01-15","0.54","0.0","0.0","51","44","44",,,,,
"USC00414333","HOUSTON NATIONAL WEATHER SERVICE OFFICE, TX US","2025-01-16","0.00","0.0","0.0","64","38",,,,,,
"USC00414333","HOUSTON NATIONAL WEATHER SERVICE OFFICE, TX US","2025-01-17","0.00","0.0","0.0","67","41","64",,,,,
"USC00414333","HOUSTON NATIONAL WEATHER SERVICE OFFICE, TX US","2025-01-18","0.00","0.0","0.0","68","48","48",,,,,
"USC00414333","HOUSTON NATIONAL WEATHER SERVICE OFFICE, TX US","2025-01-19","0.00","0.0","0.0","48","32","34",,,,,
"USC00414333","HOUSTON NATIONAL WEATHER SERVICE OFFICE, TX US","2025-01-20","0.00","0.0","0.0","36","31","32",,,"    1",,"    1"
"USC00414333","HOUSTON NATIONAL WEATHER SERVICE OFFICE, TX US","2025-01-21","0.49","2.6","0.0","36","22","22",,,"    1",,"    1"
"USC00414333","HOUSTON NATIONAL WEATHER SERVICE OFFICE, TX US","2025-01-22","0.00","0.0","1.0","45","18","33",,,,,
"USC00414333","HOUSTON NATIONAL WEATHER SERVICE OFFICE, TX US","2025-01-23","0.00","0.0","0.0","53","31","43",,,,,
"USC00414333","HOUSTON NATIONAL WEATHER SERVICE OFFICE, TX US","2025-01-24","0.00","0.0","0.0","55","31","40",,,,,
"USC00414333","HOUSTON NATIONAL WEATHER SERVICE OFFICE, TX US","2025-01-25","0.03","0.0","0.0","63","36","55",,,,,
"USC00414333","HOUSTON NATIONAL WEATHER SERVICE OFFICE, TX US","2025-01-26","0.14","0.0","0.0","70","54","63",,,,,
"USC00414333","HOUSTON NATIONAL WEATHER SERVICE OFFICE, TX US","2025-01-27","0.00","0.0","0.0","63","53","53",,,,,
"USC00414333","HOUSTON NATIONAL WEATHER SERVICE OFFICE, TX US","2025-01-28","0.01","0.0","0.0","56","50","55",,,,,
"USC00414333","HOUSTON NATIONAL WEATHER SERVICE OFFICE, TX US","2025-01-29","0.04","0.0","0.0","68","54","67","    1",,,,
"USC00414333","HOUSTON NATIONAL WEATHER SERVICE OFFICE, TX US","2025-01-30","0.19","0.0","0.0","72","55","57","    1",,,,
"USC00414333","HOUSTON NATIONAL WEATHER SERVICE OFFICE, TX US","2025-01-31","0.00","0.0","0.0","69","50","50",,,,,
"USC00414333","HOUSTON NATIONAL WEATHER SERVICE OFFICE, TX US","2025-02-01","0.00","0.0","0.0","70","43","49",,,,,
"USC00414333","HOUSTON NATIONAL WEATHER SERVICE OFFICE, TX US","2025-02-02","0.00","0.0","0.0","74","48","62",,,,,
"USC00414333","HOUSTON NATIONAL WEATHER SERVICE OFFICE, TX US","2025-02-03","0.00","0.0","0.0","80","62","70",,,,,
"USC00414333","HOUSTON NATIONAL WEATHER SERVICE OFFICE, TX US","2025-02-04","0.00","0.0","0.0","79","67","67",,,,,
"USC00414333","HOUSTON NATIONAL WEATHER SERVICE OFFICE, TX US","2025-02-05","0.00","0.0","0.0","79","67","69",,,,,
"USC00414333","HOUSTON NATIONAL WEATHER SERVICE OFFICE, TX US","2025-02-06","0.00","0.0","0.0","80","68","69",,,,,
"USC00414333","HOUSTON NATIONAL WEATHER SERVICE OFFICE, TX US","2025-02-07","0.00","0.0","0.0","81","68","71","    1",,,,
"USC00414333","HOUSTON NATIONAL WEATHER SERVICE OFFICE, TX US","2025-02-08","0.00","0.0","0.0","80","69","70","    1",,,,
"USC00414333","HOUSTON NATIONAL WEATHER SERVICE OFFICE, TX US","2025-02-09","0.00","0.0","0.0","80","66","67","    1",,,,
"USC00414333","HOUSTON NATIONAL WEATHER SERVICE OFFICE, TX US","2025-02-10","0.11","0.0","0.0","68","60","64","    1",,,,
"USC00414333","HOUSTON NATIONAL WEATHER SERVICE OFFICE, TX US","2025-02-11","0.72","0.0","0.0","72","59","63","    1","    1",,,
"USC00414333","HOUSTON NATIONAL WEATHER SERVICE OFFICE, TX US","2025-02-12","0.03","0.0","0.0","78","52","52",,,,,
"USC00414333","HOUSTON NATIONAL WEATHER SERVICE OFFICE, TX US","2025-02-13","0.00","0.0","0.0","55","42",,,,,,
"USC00414333","HOUSTON NATIONAL WEATHER SERVICE OFFICE, TX US","2025-02-14","0.10","0.0","0.0","69","47","69",,,,,
"USC00414333","HOUSTON NATIONAL WEATHER SERVICE OFFICE, TX US","2025-02-15","0.03","0.0","0.0","76","50",,,,,,
"USC00414333","HOUSTON NATIONAL WEATHER SERVICE OFFICE, TX US","2025-02-16","0.00","0.0","0.0","57","45",,,,,,
"USC00414333","HOUSTON NATIONAL WEATHER SERVICE OFFICE, TX US","2025-02-17","0.00","0.0","0.0","57","43",,,,,,
"USC00414333","HOUSTON NATIONAL WEATHER SERVICE OFFICE, TX US","2025-02-18","0.25","0.0","0.0","61","53","53",,,,,
"USC00414333","HOUSTON NATIONAL WEATHER SERVICE OFFICE, TX US","2025-02-19","0.00","0.0","0.0","53","29","29",,,,,
"USC00414333","HOUSTON NATIONAL WEATHER SERVICE OFFICE, TX US","2025-02-20","0.00","0.0","0.0","42","28","38",,,,,
"USC00414333","HOUSTON NATIONAL WEATHER SERVICE OFFICE, TX US","2025-02-21","0.00","0.0","0.0","43","37","43",,"    1",,"    1",
"USC00414333","HOUSTON NATIONAL WEATHER SERVICE OFFICE, TX US","2025-02-22","0.34","0.0","0.0","51","43","49",,"    1",,,
"USC00414333","HOUSTON NATIONAL WEATHER SERVICE OFFICE, TX US","2025-02-24","0.00","0.0","0.0","68","47","48","    1",,,,
"USC00414333","HOUSTON NATIONAL WEATHER SERVICE OFFICE, TX US","2025-02-25","0.00","0.0","0.0","70","47","57",,,,,
"USC00414333","HOUSTON NATIONAL WEATHER SERVICE OFFICE, TX US","2025-02-26","0.00","0.0","0.0","76","51","60",,,,,
"USC00414333","HOUSTON NATIONAL WEATHER SERVICE OFFICE, TX US","2025-02-27","0.00","0.0","0.0","74","57","58",,,,,
"USC00414333","HOUSTON NATIONAL WEATHER SERVICE OFFICE, TX US","2025-02-28","0.00","0.0","0.0","72","50","57",,,,,
"USC00414333","HOUSTON NATIONAL WEATHER SERVICE OFFICE, TX US","2025-03-01","0.00","0.0","0.0","80","51",,,,,,
"USC00414333","HOUSTON NATIONAL WEATHER SERVICE OFFICE, TX US","2025-03-02","0.00","0.0","0.0","70","56",,,,,,
"USC00414333","HOUSTON NATIONAL WEATHER SERVICE OFFICE, TX US","2025-03-03","0.00","0.0","0.0","75","63",,,,,,
"USC00414333","HOUSTON NATIONAL WEATHER SERVICE OFFICE, TX US","2025-03-04","0.20","0.0","0.0","78","57",,,,,,
"USC00414333","HOUSTON NATIONAL WEATHER SERVICE OFFICE, TX US","2025-03-05","0.00","0.0","0.0","70","49",,,,,,
"USC00414333","HOUSTON NATIONAL WEATHER SERVICE OFFICE, TX US","2025-03-06","0.00","0.0","0.0","65","44",,,,,,
"USC00414333","HOUSTON NATIONAL WEATHER SERVICE OFFICE, TX US","2025-03-07","0.00","0.0","0.0","76","60",,,,,,
"USC00414333","HOUSTON NATIONAL WEATHER SERVICE OFFICE, TX US","2025-03-08","0.03","0.0","0.0","80","58",,,,,,
"USC00414333","HOUSTON NATIONAL WEATHER SERVICE OFFICE, TX US","2025-03-09","0.01","0.0","0.0","60","50",,,,,,
"USC00414333","HOUSTON NATIONAL WEATHER SERVICE OFFICE, TX US","2025-03-10","0.00","0.0","0.0","73","44",,,,,,
"USC00414333","HOUSTON NATIONAL WEATHER SERVICE OFFICE, TX US","2025-03-11","0.00","0.0","0.0","75","48",,,,,,
"USC00414333","HOUSTON NATIONAL WEATHER SERVICE OFFICE, TX US","2025-03-12","0.01","0.0","0.0","77","61",,,,,,
"USC00414333","HOUSTON NATIONAL WEATHER SERVICE OFFICE, TX US","2025-03-13","0.00","0.0","0.0","86","65",,,,,,
"USC00414333","HOUSTON NATIONAL WEATHER SERVICE OFFICE, TX US","2025-03-14","0.00","0.0","0.0","79","67",,,,,,
"USC00414333","HOUSTON NATIONAL WEATHER SERVICE OFFICE, TX US","2025-03-15","0.02","0.0","0.0","82","65",,,,,,
"USC00414333","HOUSTON NATIONAL WEATHER SERVICE OFFICE, TX US","2025-03-16","0.00","0.0","0.0","76","50",,,,,,
"USC00414333","HOUSTON NATIONAL WEATHER SERVICE OFFICE, TX US","2025-03-17","0.00","0.0","0.0","76","49",,,,,,
"USC00414333","HOUSTON NATIONAL WEATHER SERVICE OFFICE, TX US","2025-03-18","0.00","0.0","0.0","75","61",,,,,,
"USC00414333","HOUSTON NATIONAL WEATHER SERVICE OFFICE, TX US","2025-03-19","0.00","0.0","0.0","82","59",,,,,,
"USC00414333","HOUSTON NATIONAL WEATHER SERVICE OFFICE, TX US","2025-03-20","0.00","0.0","0.0","68","47",,,,,,
"USC00414333","HOUSTON NATIONAL WEATHER SERVICE OFFICE, TX US","2025-03-21","0.00","0.0","0.0","70","43",,,,,,
"USC00414333","HOUSTON NATIONAL WEATHER SERVICE OFFICE, TX US","2025-03-22","0.00","0.0","0.0","76","59",,,,,,
"USC00414333","HOUSTON NATIONAL WEATHER SERVICE OFFICE, TX US","2025-03-23","0.05","0.0","0.0","79","67",,,,,,
"USC00414333","HOUSTON NATIONAL WEATHER SERVICE OFFICE, TX US","2025-03-24","0.08","0.0","0.0","84","60",,,,,,
"USC00414333","HOUSTON NATIONAL WEATHER SERVICE OFFICE, TX US","2025-03-25","0.00","0.0","0.0","82","61",,,,,,
"USC00414333","HOUSTON NATIONAL WEATHER SERVICE OFFICE, TX US","2025-03-26","0.00","0.0","0.0","76","66",,,,,,
"USC00414333","HOUSTON NATIONAL WEATHER SERVICE OFFICE, TX US","2025-03-27","0.46","0.0","0.0","76","63",,,,,,
"USC00414333","HOUSTON NATIONAL WEATHER SERVICE OFFICE, TX US","2025-03-28","0.57","0.0","0.0","77","65",,,,,,
"USC00414333","HOUSTON NATIONAL WEATHER SERVICE OFFICE, TX US","2025-03-29","0.59","0.0","0.0","84","67",,,,,,
"USC00414333","HOUSTON NATIONAL WEATHER SERVICE OFFICE, TX US","2025-03-30","0.01","0.0","0.0","81","70",,,,,,
"USC00414333","HOUSTON NATIONAL WEATHER SERVICE OFFICE, TX US","2025-03-31","0.00","0.0","0.0","84","72",,,,,,
